{
  "_format": "hh-sol-cache-2",
  "files": {
    "C:\\Users\\user\\Desktop\\oasis\\contracts\\SessionKeyManager.sol": {
      "lastModificationDate": 1751656317598,
      "contentHash": "fec3f8090632938ff8f5815ba5c51807",
      "sourceName": "contracts/SessionKeyManager.sol",
      "solcConfig": {
        "version": "0.8.19",
        "settings": {
          "optimizer": {
            "enabled": true,
            "runs": 200
          },
          "outputSelection": {
            "*": {
              "*": [
                "abi",
                "evm.bytecode",
                "evm.deployedBytecode",
                "evm.methodIdentifiers",
                "metadata"
              ],
              "": [
                "ast"
              ]
            }
          }
        }
      },
      "imports": [],
      "versionPragmas": [
        "^0.8.19"
      ],
      "artifacts": [
        "SessionKeyManager"
      ]
    }
  }
}
